question,law,label
สัญญาหลักประกันทางธุรกิจต้องเป็นไปตามพระราชบัญญัติใด,พระราชบัญญัติหลักประกันทางธุรกิจ พ.ศ. 2558,0
การแก้ไขคำสั่งซื้อขายสินทรัพย์ดิจิทัลโดยรู้ว่าจะทำให้ราคาสินทรัพย์ดิจิทัลผิดไปจากสภาพปกติของตลาดสามารถทำได้หรือไม่,พระราชกำหนดการประกอบธุรกิจสินทรัพย์ดิจิทัล พ.ศ. 2561,0
ใครเป็นคนตรวจสอบผู้จัดการกองทุนสำรองเลี้ยงชีพ,พระราชบัญญัติกองทุนสำรองเลี้ยงชีพ พ.ศ. 2530,0
การจัดให้มีเงินสำรองประเภทต่างๆตามพระราชบัญญัติหลักทรัพย์และตลาดหลักทรัพย์ พ.ศ. 2535 ต้องดำเนินการอย่างไร,พระราชบัญญัติหลักทรัพย์และตลาดหลักทรัพย์ พ.ศ. 2535,0
บริษัทหลักทรัพย์ต้องมีทุนจดทะเบียนที่ชำระแล้วเท่าใด,พระราชบัญญัติหลักทรัพย์และตลาดหลักทรัพย์ พ.ศ. 2535,0
หากบุคคลโอนทรัพย์สินของสมาคมที่เหลืออยู่ไปให้แก่บุคคลอื่นจะมีความผิดและต้องรับโทษอย่างไรบ้าง,พระราชบัญญัติกำหนดความผิดเกี่ยวกับห้างหุ้นส่วนจดทะเบียน ห้างหุ้นส่วนจำกัด บริษัทจำกัด สมาคม และมูลนิธิ พ.ศ. 2499,0
ความรับผิดชดใช้ค่าเสียหายตามมาตรา 173 พระราชบัญญัติหลักทรัพย์และตลาดหลักทรัพย์ พ.ศ. 2535 เป็นอย่างไร,พระราชบัญญัติหลักทรัพย์และตลาดหลักทรัพย์ พ.ศ. 2535,0
แบบของบัตรประจำตัวพนักงานเจ้าหน้าที่ เป็นอย่างไร,พระราชบัญญัติสัญญาซื้อขายล่วงหน้า พ.ศ. 2546,0
หากหอการค้ามีการแบ่งปันผลกำไรให้แก่สมาชิกแล้วจะมีความผิดและต้องรับโทษอย่างไรบ้าง,พระราชบัญญัติหอการค้า พ.ศ. 2509,0
สิ่งที่ต้องคำนึงถึงในการออกหลักเกณฑ์เงื่อนไขการขอรับใบอนุญาตคืออะไร,พระราชบัญญัติการประกอบกิจการพลังงาน พ.ศ. 2550,0
ตามบทบัญญัติเฉพาะะเขตพื้นที่พัฒนาร่วม พระราชบัญญัติภาษีเงินได้ปิโตรเลียม พ.ศ. 2514 รายจ่ายปกติและจำเป็น มีความหมายรวมถึงรายจ่ายประเภทใดบ้าง,พระราชบัญญัติภาษีเงินได้ปิโตรเลียม พ.ศ. 2514,0
ผู้ให้หลักประกันภายใต้เงื่อนไขบังคับใดๆจะมีสิทธิใช้ทรัพย์สินที่เป็นหลักประกันตามพระราชบัญญัติหลักประกันทางธุรกิจ พ.ศ. 2558 อย่างใด,พระราชบัญญัติหลักประกันทางธุรกิจ พ.ศ. 2558,0
หน้าที่ของบริษัทหลักทรัพย์ที่จัดการกองทุนส่วนบุคคลคืออะไร,พระราชบัญญัติหลักทรัพย์และตลาดหลักทรัพย์ พ.ศ. 2535,0
หากใบอนุญาตประกอบธุรกิจของคนต่างด้าวสูญหายต้องทำอย่างไรบ้าง,พระราชบัญญัติการประกอบธุรกิจของคนต่างด้าว พ.ศ. 2542,0
ตามกฎหมายหลักทรัพย์ ในการปฏิบัติหน้าที่พนักงานเจ้าหน้าที่ต้องแสดงบัตรประจำตัวต่อบุคคลที่เกี่ยวข้องหรือไม่,พระราชบัญญัติหลักทรัพย์และตลาดหลักทรัพย์ พ.ศ. 2535,0
ในการโอนกิจการปิโตรเลียมถ้าบริษัทผู้รับโอนจ่ายเงินได้ที่เป็นเงินค่าสิทธิ เงินปีหรือเงินได้ประจำเนื่องจากการโอนนั้นโดยเงินดังกล่าวไม่อาจกำหนดจำนวนทั้งสิ้นได้แน่นอน บุคคลผู้มีหน้าที่เสียภาษีต้องชำระภาษีในอัตราร้อยละ 0 ตามบทบัญญัติเฉพาะเขตพื้นที่พัฒนาร่วม พระราชบัญญัติภาษีเงินได้ปิโตรเลียม พ.ศ. 2514,พระราชบัญญัติภาษีเงินได้ปิโตรเลียม พ.ศ. 2514,0
หากไม่ปฏิบัติตามหมายเรียกหรือคำสั่งของเจ้าพนักงานประเมินเพื่อมาให้ถ้อยคำ ถือว่ามีความผิดตามพระราชบัญญัติภาษีเงินได้ปิโตรเลียม พ.ศ. 2514 มาตรา 75 หรือไม่,พระราชบัญญัติภาษีเงินได้ปิโตรเลียม พ.ศ. 2514,0
คนต่างด้าวประกอบธุรกิจโดยฝ่าฝืนเงื่อนไขต้องได้รับโทษหรือไม่,พระราชบัญญัติการประกอบธุรกิจของคนต่างด้าว พ.ศ. 2542,0
ถ้าทรัสตีเดิมถูกถอนจากการทำหน้าที่ จะสามารถเปลี่ยนแปลงทรัสตีได้หรือไม่,พระราชบัญญัติทรัสต์เพื่อธุรกรรมในตลาดทุน พ.ศ. 2550,0
บริษัทมหาชนสามารถเป็นเจ้าของหุ้นของตนเองได้หรือไม่อย่างไร,พระราชบัญญัติบริษัทมหาชนจำกัด พ.ศ. 2535,0
เมื่อผู้ให้หลักประกันไม่ยินยอมส่งมอบการครอบครองทรัพย์สินที่เป็นหลักประกัน ผู้รับหลักประกันทำอย่างไรได้บ้าง,พระราชบัญญัติหลักประกันทางธุรกิจ พ.ศ. 2558,0
ขอทราบหน้าที่การจัดการกองทรัสต์ของทรัสตี,พระราชบัญญัติทรัสต์เพื่อธุรกรรมในตลาดทุน พ.ศ. 2550,0
บริษัทเอกชนที่แปรสภาพเป็นบริษัทแล้วต้องรับผิดในหนี้ก่อนแปรสภาพหรือไม่,พระราชบัญญัติบริษัทมหาชนจำกัด พ.ศ. 2535,0
บริษัทหลักทรัพย์ที่ได้รับอนุญาตให้ประกอบการจัดการกองทุนรวม มีหุ้นเป็นของตนเองโดยมิใช่เพื่อประโยชน์ของโครงการลงทุนอยู่แล้วก่อนวันที่พระราชบัญญัตินี้ใช้บังคับ ซึ่งไม่อาจกระทำได้ต้องดำเนินการอย่างไรต่อไป,พระราชบัญญัติหลักทรัพย์และตลาดหลักทรัพย์ พ.ศ. 2535,0
เมื่อเลิกบริษัทมหาชนจำกัดต้องส่งเอกสารหลักฐานต่างๆของบริษัทให้แก่ผู้ชำระบัญชีภายในกี่วัน,พระราชบัญญัติบริษัทมหาชนจำกัด พ.ศ. 2535,0
พระราชบัญญัติวิชาชีพบัญชีพ.ศ.2547.ใช้บังคับตั้งแต่วันไหน,พระราชบัญญัติวิชาชีพบัญชี พ.ศ. 2547,0
ในกรณีที่อธิบดีเห็นว่าผู้ต้องหาไม่ควรต้องรับโทษถึงจำคุก ผู้ต้องหาต้องชำระค่าประบภายในกี่วัน หากไม่ชำระค่าปรับตามเวลาที่กำหนดหรือไม่ยินยอมจะเกิดผลอย่างไร,พระราชบัญญัติภาษีเงินได้ปิโตรเลียม พ.ศ. 2514,0
แบบแสดงรายการเงินได้ ต้องใช้แบบใด,พระราชบัญญัติภาษีเงินได้ปิโตรเลียม พ.ศ. 2514,0
การลงโทษปรับทางปกครองตามพระราชบัญญัติสัญญาซื้อขายล่วงหน้า พ.ศ. 2546 มีข้อจำกัดหรือไม่,พระราชบัญญัติสัญญาซื้อขายล่วงหน้า พ.ศ. 2546,0
บุคคลใดบุคคลหนึ่งสามารุฟ้องสถาบันการเงินว่าเป็นคดีล้มละลายในระหว่างการดำเนินการเพื่อควบ โอนหรือรับโอนกิจการตามที่ได้มีประกาศการให้ความเห็นชอบของธนาคารแห่งประเทศไทย ตามพระราชบัญญัติธุรกิจสถาบันการเงิน พ.ศ. 2551 ได้หรือไม่,พระราชบัญญัติธุรกิจสถาบันการเงิน พ.ศ. 2551,0
เมื่อใดที่คณะกรรมการบริษัทมหาชนจำกัดจะเรียกประชุม,พระราชบัญญัติบริษัทมหาชนจำกัด พ.ศ. 2535,0
หากโรงงานควบคุมหรืออาคารควบคุมอยู่ในระหว่างการชำระค่าธรรมเนียมพิเศษการใช้ไฟฟ้า คณะกรรมการกองทุนมีสิทธิยกเลิกการให้การส่งเสริมและช่วยเหลือหรือไม่,พระราชบัญญัติการส่งเสริมการอนุรักษ์พลังงาน พ.ศ. 2535,0
ช่วงไหนของบริษัทจำกัดที่ห้ามรับโอนทะเบียนหุ้น,พระราชบัญญัติบริษัทมหาชนจำกัด พ.ศ. 2535,0
บุคคลที่ออกคำสั่งคือผู้ถือหุ้นของนิติบุคคล ซึ่งคำสั่งดังกล่าวเป็นเหตุให้นิติบุคคลนั้นกระทำความผิด ผู้ถือหุ้นมีความผิดหรือไม่,พระราชบัญญัติการประกอบกิจการพลังงาน พ.ศ. 2550,0
หลักประกันที่เป็นกิจการให้บังคับตามใด,พระราชบัญญัติหลักประกันทางธุรกิจ พ.ศ. 2558,0
แบบแสดงรายการข้อมูลการเสนอขายหลักทรัพย์และร่างหนังสือชี้ชวน ให้มีผลใช้บังคับเมื่อใด ,พระราชบัญญัติหลักทรัพย์และตลาดหลักทรัพย์ พ.ศ. 2535,0
ในการพิจารณาคำขออนุญาต สำนักงานหลักทรัพย์และตลาดหลักทรัพย์ต้องแจ้งผลการพิจารณาภายในกี่วัน,พระราชบัญญัติหลักทรัพย์และตลาดหลักทรัพย์ พ.ศ. 2535,0
ผู้ได้รับใบอนุญาตประกอบกิจการพลังงานสามารถโอนใบอนุญาตเพียงบางเรื่องให้ผู้อื่นได้หรือไม่,พระราชบัญญัติการประกอบกิจการพลังงาน พ.ศ. 2550,0
สถาบันทางการเงินสามารถลงทุนในหลักทรัพย์ เป็นอัตราส่วนร้อยละสิบของเงินกองทุนทั้งหมดของสถาบันการเงินนั้น สำหรับการถือหรือมีหุ้นในทุกบริษัทรวมกันได้หรือไม่,พระราชบัญญัติธุรกิจสถาบันการเงิน พ.ศ. 2551,0
ใครมีอำนาจกำหนดประเภทโทเคนดิจิทัล,พระราชกำหนดการประกอบธุรกิจสินทรัพย์ดิจิทัล พ.ศ. 2561,0
เมื่อใดที่ผู้รับใบอนุญาตสามารถยื่นคำร้องขอปรับอัตราค่าบริการต่อคณะกรรมการ และคณะกรรมการจะต้องดำเนินการอย่างไร,พระราชบัญญัติการประกอบกิจการพลังงาน พ.ศ. 2550,0
ผู้นำส่งเอกสารอันก่อให้เกิดความสำคัญผิดในสาระคัญต่อสำนักงานกำกับหลักทรัพย์และตลาดหลักทรัพย์ต้องระวางโทษอย่างไร,พระราชบัญญัติหลักทรัพย์และตลาดหลักทรัพย์ พ.ศ. 2535,0
ผู้ถือหุ้นในบริษัทมหาชนสามารถมอบฉันทะให้บุคคลอื่นเข้าประชุมและออกเสียงลงคะแนนแทนตนได้หรือไม่อย่างไร,พระราชบัญญัติบริษัทมหาชนจำกัด พ.ศ. 2535,0
ในกรณีที่มีเหตุจำเป็น ธนาคารแห่งประเทศไทยมีอำนาตในการกำหนดอัตราขั้นสูงในการถือหรือมีหุ้นให้ต่ำกว่าที่กำหนดได้หรือไม่ และต้องประกาศล่วงหน้าอย่างน้อยกี่วัน,พระราชบัญญัติธุรกิจสถาบันการเงิน พ.ศ. 2551,0
หากสัญญามีข้อกำหนดเฉพาะเกี่ยวกับการระงับข้อพิพาทหรือการอุทธรณ์ สามารถทำตามสัญญาโดยไม่ต้องทำตามกฎหมายได้หรือไม่,พระราชบัญญัติการประกอบกิจการพลังงาน พ.ศ. 2550,0
เมื่อหอการค้าล้มละลายการชำระบัญชีหอการค้าต้องบังคับใช้ตามกฎหมายใด,พระราชบัญญัติหอการค้า พ.ศ. 2509,0
เมื่อนิติบุคคลเฉพาะกิจดำเนินโครงการที่ได้รับอนุมัติโดยมิได้ทำการแปลงสินทรัพย์เป็นหลักทรัพย์ให้สำเร็จ สำนักงาน ก.ล.ต.มีอำนาจอย่างไร,พระราชกำหนดนิติบุคคลเฉพาะกิจเพื่อการแปลงสินทรัพย์เป็นหลักทรัพย์ พ.ศ. 2540,0
ถ้ากฎเกณฑ์ของตลาดหลักทรัพย์ก่อให้เกิดความเสียหายหรือกระทบกระเทือนต่อสิทธิประโยชน์ของประชาชน หรือไม่เพียงพอที่จะคุ้มครองและรักษาความเชื่อมั่นของผู้ลงทุน คณะกรรมการ ก.ล.ต.มีอำนาจสั่งอะไร,พระราชบัญญัติหลักทรัพย์และตลาดหลักทรัพย์ พ.ศ. 2535,0
ผู้ใดมีหน้าที่ศึกษารวบรวม วิเคราะห์ และเผยแพร่ข้อมูลเกี่ยวกับการประกอบกิจการพลังงานสภาพการแข่งขันในการประกอบกิจการพลังงาน การพยากรณ์ความต้องการไฟฟ้า,พระราชบัญญัติการประกอบกิจการพลังงาน พ.ศ. 2550,0
พนักงานเจ้าหน้าที่มีอำนาจในการดำเนินการใดบ้างเพื่อให้การตรวจสอบกิจการพลังงานเป็นไปตามกฎหมายที่กำหนด,พระราชบัญญัติการประกอบกิจการพลังงาน พ.ศ. 2550,0
ผู้รับใบอนุญาตระบบโครงข่ายพลังงานเลือกให้บริการเฉพาะกลุ่มได้หรือไม่,พระราชบัญญัติการประกอบกิจการพลังงาน พ.ศ. 2550,0
การตั้งหอการค้าต้องมีผู้เริ่มก่อตั้งกี่คน,พระราชบัญญัติหอการค้า พ.ศ. 2509,0
หน่วยงานใดมีอำนาจในการแก้ไขเพิ่มเติมหลักเกณฑ์และวิธีการในการเสนอขายหุ้นใหม่แก่ประชาชนหรือออกหุ้นกู้ในกรณีที่มีเหตุจำเป็น,พระราชบัญญัติหลักทรัพย์และตลาดหลักทรัพย์ พ.ศ. 2535,0
ใครเป็นผู้รักษาการตามพระราชบัญญัติหลักทรัพย์และตลาดหลักทรัพย์ พ.ศ. 2535,พระราชบัญญัติหลักทรัพย์และตลาดหลักทรัพย์ พ.ศ. 2535,0
บริษัทต้องยื่นขอจดทะเบียนรายการเปลี่ยนเเปลงภายในกี่วัน ,พระราชบัญญัติบริษัทมหาชนจำกัด พ.ศ. 2535,0
ในกรณีใดที่เจ้าพนักงานโดยหน้าที่ราชการได้รู้เรื่องกิจการของผู้เสียภาษี หรือของผู้อื่นที่เกี่ยวข้อง และนำข้อมูลดังกล่าวไปบอกกล่าวกับบุคคลภายนอก ไม่ถือว่ามีความผิดตามพระราชบัญญัติภาษีเงินได้ปิโตรเลียม พ.ศ. 2514 ,พระราชบัญญัติภาษีเงินได้ปิโตรเลียม พ.ศ. 2514,0
หากพนักงานเจ้าหน้าที่ขอเอกสารตอนเข้าตรวจสถานที่ พนักงานไม่ให้เอกสารได้หรือไม่,พระราชบัญญัติการประกอบกิจการพลังงาน พ.ศ. 2550,0
เจ้าพนักงานประเมินได้ประเมินจำนวนเเงินหักภาษี ณ ​ที่จ่ายแล้ว สามารถเรียกผู้มีหน้าที่เสียภาษีต้องนำส่งภาษีก่อน 30 วันได้หรือไม่,พระราชบัญญัติภาษีเงินได้ปิโตรเลียม พ.ศ. 2514,0
ในกรณีที่สถาบันการเงินได้ทำเอกสารประกอบการลงบัญชีหรือลงบัญชีไม่ตรงกับความเป็นจริง ผู้สอบบัญชีที่ธนาคารแห่งประเทศไทยให้ความเห็นชอบ มีหน้าที่ต้องปฏิบัติตนเช่นไร ตามพระราชบัญญัติธุรกิจสถาบันการเงิน พ.ศ. 2551,พระราชบัญญัติธุรกิจสถาบันการเงิน พ.ศ. 2551,0
การซื้อขายสินทรัพย์ดิจิทัลแล้วทำให้ผู้อื่นเข้าใจผิดเกี่ยวกับราคาในการซื้อขายสินทรัพย์ดิจิทัลจะทำได้หรือไม่อย่างไร,พระราชกำหนดการประกอบธุรกิจสินทรัพย์ดิจิทัล พ.ศ. 2561,0
กระทำการผิดหน้าที่ของพนักงานโดยทุจริต จนเป็นเหตุให้เกิดความเสียหายแก่ประโยชน์ของลูกค้าต้องระวางโทษอย่างไร ,พระราชบัญญัติสัญญาซื้อขายล่วงหน้า พ.ศ. 2546,0
ผู้ทรงคุณวุฒิในคณะกรรมการกองทุนที่พ้นจากตำแหน่งไปแล้วสามารถกลับมารับตำแหน่งอีกได้หรือไม่,พระราชบัญญัติการส่งเสริมการอนุรักษ์พลังงาน พ.ศ. 2535,0
ผู้ทำคำเสนอซื้อหลักทรัพย์ต้องยื่นคำเสนอซื้อ ณ ที่ใด,พระราชบัญญัติหลักทรัพย์และตลาดหลักทรัพย์ พ.ศ. 2535,0
ในกรณีที่าถ่บันการเงินประสบปัญหาขาดทุน เมื่อสิ้นรอบระยะเวลา 6 เดือน เมื่อลดลงเหลือต่ำกว่าร้อยละห้าสิบของทุนที่ชำระแล้ว ต้องปฏิบัติอย่างไร,พระราชบัญญัติธุรกิจสถาบันการเงิน พ.ศ. 2551,0
ใครมีอำนาจกำหนดวิธีการปฏิบัติหน้าที่ของบุคคลที่ทำหน้าที่แทนคณะกรรมการ,พระราชบัญญัติการประกอบกิจการพลังงาน พ.ศ. 2550,0
ธนาคารพาณิชย์ต้องการเปิดธุรกิจใหม่เกี่ยวกับการประกันภัยการเดินทางเรือเพิ่มเติมการธุรกิจธนาคารพาณิชน์ได้หรือไม่,พระราชบัญญัติธุรกิจสถาบันการเงิน พ.ศ. 2551,0
ใบหุ้นกู้ถ้าไม่มีพวกเนื้อหาข้อกำหนด อำนาจ ผลประโยชน์ มีความผิดกฎหมายไหม,พระราชบัญญัติหลักทรัพย์และตลาดหลักทรัพย์ พ.ศ. 2535,0
การอนุรักษพลังงานในอาคารสามารถทำได้อย่างไรบ้าง,พระราชบัญญัติการส่งเสริมการอนุรักษ์พลังงาน พ.ศ. 2535,0
ในกรณีที่บริษัทได้จัดตั้งขึ้นตามกฎหมายต่างประเทศ จะต้องดำเนินการอย่างไร,พระราชบัญญัติภาษีเงินได้ปิโตรเลียม พ.ศ. 2514,0
ต้องทำอะไรจึงจะโอนทุนสำรองเพื่อชดเชยการขาดทุนของบริษัทได้,พระราชบัญญัติบริษัทมหาชนจำกัด พ.ศ. 2535,0
การโอนใบสำคัญแสดงสิทธิที่จะซื้อหุ้นจะถือว่าเสร็จสมบูรณ์เมื่อใด,พระราชบัญญัติหลักทรัพย์และตลาดหลักทรัพย์ พ.ศ. 2535,0
ผู้ให้หลักประกันต้องปฏิบัติตามมาตราใดบ้างของพระราชบัญญัติหลักประกันทางธุรกิจ พ.ศ. 2558,พระราชบัญญัติหลักประกันทางธุรกิจ พ.ศ. 2558,0
เงื่อนไขในการยื่นขอจดทะเบียนต่อสภาวิชาชีพบัญชีของนิติบุคคลที่ให้บริการการสอบบัญชีมีอะไรบ้าง,พระราชบัญญัติวิชาชีพบัญชี พ.ศ. 2547,0
หลังจากทำคำเสนอแล้ว ถ้าอยากซื้อหลักทรัพย์มากกว่าจำนวนที่ผู้มีหลักทรัพย์อยากขายจะต้องทำเช่นไร,พระราชบัญญัติหลักทรัพย์และตลาดหลักทรัพย์ พ.ศ. 2535,0
หากมีการยื่นคำร้องเกี่ยวกับข้อกำหนดการเชื่อมต่อระบบโครงข่ายแล้วคณะกรรมการมีขั้นตอนการดำเนินงานอย่างไรต่อไป,พระราชบัญญัติการประกอบกิจการพลังงาน พ.ศ. 2550,0
การแต่งตั้งกรรมการของบริษัทตลาดหลักทรัพย์จะต้องได้รับความเห็นชอบจากใคร,พระราชบัญญัติหลักทรัพย์และตลาดหลักทรัพย์ พ.ศ. 2535,0
กรณีที่ศาลเห็นว่ามีเหตุบังคับหลักประกันตามสัญญาหลักประกันทางธุรกิจและข้อตกลงเกี่ยวกับเหตุบังคับหลักประกันที่ผู้รับหลักประกันยกขึ้นเป็นเหตุบังคับหลักประกันตามสัญญาหลักประกันทางธุรกิจไม่ขัดต่อความสงบเรียบร้อยหรือศีลธรรมอันดีของประชาชนศาลต้องทำอะไร,พระราชบัญญัติหลักประกันทางธุรกิจ พ.ศ. 2558,0
หากพึ่งทราบภายหลังว่ากรรมการบกพร่องในคุณสมบัติ กิจการบริษัทที่ดำเนินการไปก่อนหน้าจะยังมีผลหรือไม่,พระราชบัญญัติบริษัทมหาชนจำกัด พ.ศ. 2535,0
สถาบันการเงินต้องบริหารสินทรัพย์ หนี้สิน และภาระผูกพัน ให้มีความสัมพันธ์กับการรับฝากเงิน การกู้ยืมเงิน หรือการรับเงินจากประชาชน ตามหลักเกณฑ์ที่ธนาคารแห่งประเทศไทยประกาศกำหนด ตามพระราชบัญญัติธุรกิจสถาบันการเงิน พ.ศ. 2551 หรือไม่,พระราชบัญญัติธุรกิจสถาบันการเงิน พ.ศ. 2551,0
การให้คำรับรองข้อความอันเป็นเท็จ เช่นรับรองว่าราคาซื้อขายสินทรัพย์ดิจิทัลจะพุ่งสูงขึ้นไปเรื่อยๆ ลงทุนไปยังไงก็ไม่ขาดทุน กรณีแบบนี้สามารถทำได้หรือไม่,พระราชกำหนดการประกอบธุรกิจสินทรัพย์ดิจิทัล พ.ศ. 2561,0
บทบัญญัติแห่งพระราชบัญญัติล้มละลาย พุทธศักราช 2483 ได้กำหนดว่า บุคคลใดหรือหน่วยงานใด มีหน้าที่ต้องรับผิดต่อความเสียหายที่เกิดขึ้น อันเกิดจากสถาบันการเงินที่ควบกันหรือที่รับโอนกิจการทั้งหมดหรือบางส่วน ตาม คำอธิบาย พระราชบัญญัติธุรกิจสถาบันการเงิน พ.ศ. 2551,พระราชบัญญัติธุรกิจสถาบันการเงิน พ.ศ. 2551,0
ใครเป็นคนกำหนดเงื่อนไขประกอบธุรกิจสินทรัพย์ดิจิตัล,พระราชกำหนดการประกอบธุรกิจสินทรัพย์ดิจิทัล พ.ศ. 2561,0
ในการซื้อหลักทรัพย์บริษัทหลักทรัพย์ที่เป็นสมาชิกของตลาดหลักทรัพย์จะกระทำการเป็นนายหน้าของบริษัทหลักทรัพย์ที่มิได้เป็นสมาชิกได้หรือไม่ ,พระราชบัญญัติหลักทรัพย์และตลาดหลักทรัพย์ พ.ศ. 2535,0
ถ้ามีผู้ทำให้เครื่องหมายเสียหายซึ่งพนักงานเจ้าหน้าที่ได้หมายไว้ที่สิ่งใด ๆ ในการปฏิบัติหน้าที่เพื่อยึดหลักฐานที่เกี่ยวข้องกับการกระทำความผิดมีโทษอย่างไร,พระราชบัญญัติหลักทรัพย์และตลาดหลักทรัพย์ พ.ศ. 2535,0
หากได้รับความเสียหายจากการรับรองที่ไมไ่ด้มาตรฐานจะสามารถเรียกร้องค่าเสียหายได้หรือไม่,พระราชบัญญัติการประกอบกิจการพลังงาน พ.ศ. 2550,0
มีวิธีการใดที่ลูกค้าจะระงับข้อพิพาทเกี่ยวกับสัญญาซื้อขายล่วงหน้าอย่างรวดเร็ว,พระราชบัญญัติสัญญาซื้อขายล่วงหน้า พ.ศ. 2546,0
สามารถขอแก้ไขข้อมูลเล็กๆน้อยๆในร่างหนังสือชี้ชวนก่อนใช้บังคับได้หรือไม่,พระราชบัญญัติหลักทรัพย์และตลาดหลักทรัพย์ พ.ศ. 2535,0
สภาวิชาชีพบัญชีสามารถออกข้อบังคับของสภาได้หรือไม่,พระราชบัญญัติวิชาชีพบัญชี พ.ศ. 2547,0
จะสามารถแก้ไขหนังสือบริคณห์สนธิก่อนการจดทะเบียนบริษัทได้หรือไม่,พระราชบัญญัติบริษัทมหาชนจำกัด พ.ศ. 2535,0
ในกรณีใดที่สถาบันการเงิน ไม่ประกาศข้อมูลเรื่องอัตราดอกเบี้ย ไว้อย่างเปิดเผย ณ สำนักงานของสถาบันการเงิน ถือว่ามีความผิดตามบทบัญญัติของพระราชบัญญัติธุรกิจสถาบันการเงิน พ.ศ. 2551 หรือไม่ และถ้ามีความผิด ต้องจ่ายค่าปรับจนถึงเมื่อใด,พระราชบัญญัติธุรกิจสถาบันการเงิน พ.ศ. 2551,0
เมื่อตำแหน่งผู้จัดการตลาดหลักทรัพย์ว่างลง ใครมีอำนาจเเต่งตั้งผู้กระทำการเเทนชั่วคราว,พระราชบัญญัติหลักทรัพย์และตลาดหลักทรัพย์ พ.ศ. 2535,0
สามารถแต่งตั้งทรัสตีหลายรายต่อกองทรัสต์รวมกันได้ไหม,พระราชบัญญัติทรัสต์เพื่อธุรกรรมในตลาดทุน พ.ศ. 2550,0
สัญญาหลักประกันทางธุรกิจระงับสิ้นไปเมื่อไหร่,พระราชบัญญัติหลักประกันทางธุรกิจ พ.ศ. 2558,0
วิธีการออกคำสั่งทางปกครองของคณะกรรมการกำกับกิจการพลังงานนั้นต้องทำอย่างไร,พระราชบัญญัติการประกอบกิจการพลังงาน พ.ศ. 2550,0
คุณสมบัติใดเป็นคุณสมบัติต้องห้ามของกรรมการควบคุมสถาบันการเงิน ตามพระราชบัญญัติธุรกิจสถาบันการเงิน พ.ศ. 2551,พระราชบัญญัติธุรกิจสถาบันการเงิน พ.ศ. 2551,0
หากจะเลิกประกอบกิจการพลังงานแล้วไม่แจ้งแก่พนักงานเจ้าหน้าที่จะถือว่ามีความผิดหรือไม่,พระราชบัญญัติการประกอบกิจการพลังงาน พ.ศ. 2550,0
เมื่อมีการแก้ไขเพิ่มเติมหนังสือบริคณห์สนธิหรือข้อบังคับของบริษัทหลักทรัพย์ต้องมีการแจ้งต่อสำนักงานหรือไม่,พระราชบัญญัติหลักทรัพย์และตลาดหลักทรัพย์ พ.ศ. 2535,0
ใครคือผู้มีหน้าที่จัดทำบัญชี ตามกฎหมายว่าด้วยการบัญชี,พระราชบัญญัติการบัญชี พ.ศ. 2543,0
การประชุมคณะกรรมการกำหนดมาตรฐานการบัญชี ต้องมีกรรมการมาประชุมเท่าไหร่จึงจะเป็นองค์ประชุม,พระราชบัญญัติวิชาชีพบัญชี พ.ศ. 2547,0
บริษัทที่ควบรวมจะได้ทรัพย์สินจากบริษัทที่ถูกควบรวมไหม,พระราชบัญญัติบริษัทมหาชนจำกัด พ.ศ. 2535,0
การใช้สิทธิโดยไม่ชอบด้วยกฎหมายเป็นอย่างไร,ประมวลกฎหมายแพ่งและพาณิชย์,1
"ในสัญญาตัวแทน หาเป็นกรณีที่มอบอำนาจทั่วไป บุคคลใดจะต้องเป็นผู้ชำระอากรแสตมป์, ขีดฆ่าแสตมป์และเป็นจำนวนเงินเท่าใด",ประมวลรัษฎากร,1
หลังจากได้มีการคัดค้านการแปรสภาพห้างหุ้นส่วนจำกัดและได้ชำระหนี้หรือประกันหนี้ให้แล้ว ห้างหุ้นส่วนจำกัดต้องดำเนินเช่นไรต่อจึงจะทำการแปรสภาพได้,ประมวลกฎหมายแพ่งและพาณิชย์,1
บริษัทกิจการเจริญดีจำกัด มีสำนักงานสาขาตั้งอยู่หลายที่ กรณีนี้จะถือว่าที่ไหนเป็นภูมิลำเนาของบริษัท,ประมวลกฎหมายแพ่งและพาณิชย์,1
ผู้ค้ำประกันที่ไม่ยกข้อต่อสู้ของลูกหนี้ขึ้นต่อสู้เจ้าหนี้สามารถไล่เบี้ยเอาแก่ลูกหนี้ได้หรือไม่,ประมวลกฎหมายแพ่งและพาณิชย์,1
ผู้เยาว์ที่ถูกรับมาเป็นบุตรบุญธรรมจะทำการหมั้นอย่างไรจึงจะสมบูรณ์,ประมวลกฎหมายแพ่งและพาณิชย์,1
เงินจำนวนใดของมูลนิธิหรือสมาคม ที่จะต้องเสียภาษีในอัตราร้อยละ 10 ของรายได้ก่อนหักค่าใช้จ่ายใดๆแทนที่จะเสียตามอัตราที่กำหนดไว้ในบัญชีอัตราภาษีเงินได้ท้ายหมวดภาษีเงินได้ แห่งประมวลรัษฎากร,ประมวลรัษฎากร,1
"ในกรณีของพันธบัตรของรัฐบาลใด ๆ ที่ขายในประเทศไทย บุคคลใดเป็นผู้ที่ต้องชำระอากรแสตมป์, ขีดฆ่าแสตมป์, และชำระค่าอากรแสตมป์เป็นจำนวนเงินเท่าใด",ประมวลรัษฎากร,1
เป็นผัวเมียกัน ตามกฎหมายต้องให้เงินเมียใช้ไหม,ประมวลกฎหมายแพ่งและพาณิชย์,1
สิทธิเรียกร้องค่าทดแทนกรณีสมรสเป็นโมฆะมีกำหนดอายุความกี่ปี ,ประมวลกฎหมายแพ่งและพาณิชย์,1
ผู้ที่ปิดบังพินัยกรรมของเจ้ามรดกย่อมถูกกำจัดมิให้รับมรดกหรือไม่,ประมวลกฎหมายแพ่งและพาณิชย์,1
ในกรณีที่สัญญาซึ่งเป็นตราสารที่เกิดโดยมีหนังสือโต้ตอบกันและมิได้ปิดแสตมป์บริบูรณ์ ตะถือว่าสัญญานั้นได้ปิดแสตมป์บริบูรณ์แล้ว,ประมวลรัษฎากร,1
เจ้าพนักงานประเมินสามารถส่งหนังสือถึงแก่ผู้ใด เพื่อสอบถามเกี่ยวกับการคืนภาษีอากร,ประมวลรัษฎากร,1
ผู้ให้ฟ้องคดีถอนคืนการให้เมื่อพ้น 10 ปีแล้ว กรรมสิทธิ์ในทรัพย์สินจะเป็นของใคร,ประมวลกฎหมายแพ่งและพาณิชย์,1
วิธีการขายหุ้นภายหลังจากการเพิ่มทุนของบริษัทจำกัดต้องทำอย่างไร,ประมวลกฎหมายแพ่งและพาณิชย์,1
ถ้าผู้เป็นหุ้นส่วนจำกัดความรับผิดค้าขายที่มีสภาพอย่างเดียวกับห้างจะทำได้หรือไม่,ประมวลกฎหมายแพ่งและพาณิชย์,1
ผู้ถือหุ้นในบริษัทจำกัด รับผิดในหุ้นอย่างไร,ประมวลกฎหมายแพ่งและพาณิชย์,1
เมื่อเจ้าหนี้ทวงให้ผู้ค้ำประกันชำระหนี้ ผู้ค้ำประกันมีสิทธิกระทำการอย่างไรก่อน,ประมวลกฎหมายแพ่งและพาณิชย์,1
คำบอกกล่าวขาดความเชื่อถือในกรณีไม่ใช้เงินนั้น จะต้องระบุรายการลงไปอะไรบ้าง,ประมวลกฎหมายแพ่งและพาณิชย์,1
ถ้าของที่ทำพินัยกรรมไว้สูญหายไป ผู้รับพินัยกรรมในของชิ้นนั้นจะยังมีสิทธิอะไรหรือไม่,ประมวลกฎหมายแพ่งและพาณิชย์,1
ค่าใช้จ่ายตามธรรมดาเพื่อบำรุงทรัพย์สินอันเป็นลาภมิควรได้ ต้องชดใช้เเก่บุคคลผู้คืนทรัพย์นั้นเต็มจำนวนหรือไม่,ประมวลกฎหมายแพ่งและพาณิชย์,1
ถ้าคู่สมรสได้สมรสโดยถูกข่มขู่ ผลทางกฎหมายจะเป็นอย่างไร,ประมวลกฎหมายแพ่งและพาณิชย์,1
ผู้ขายสามารถสอดเข้ามาในคดีเพื่อปฏิเสธการเรียกร้องของบุคคลภายนอกได้หรือไม่,ประมวลกฎหมายแพ่งและพาณิชย์,1
อยากทราบว่าในส่วนของวิธีจัดการบริษัทจำกัด จะสามารถมีกรรมการบริษัทได้กี่คน,ประมวลกฎหมายแพ่งและพาณิชย์,1
บุคคลภายนอกมีสิทธิอย่างไร หากคู่สัญญาฝ่ายหนึ่งทำสัญญาตกลงว่าจะชำระหนี้แก่บุคคลภายนอก,ประมวลกฎหมายแพ่งและพาณิชย์,1
การออกใบผ่านภาษีอากร ใครมีหน้าที่ต้องตรวจสอบว่าผู้ยื่นคำร้องมีภาษีอากรที่จะต้องเสียหรือไม่,ประมวลรัษฎากร,1
การโอนกรรมสิทธิ์ในอสังหาริมทรัพย์ของผู้มีสิทธิ์ก่อนสามารถใช้กับเรื่องอื่นๆได้อีกไหม,ประมวลกฎหมายแพ่งและพาณิชย์,1
นายจ้างย้ายให้ลูกจ้างไปทำงานที่บริษัทอื่นได้หรือไม่,ประมวลกฎหมายแพ่งและพาณิชย์,1
ผู้ชำระบัญชีต้องจัดการชำระหนี้ของบริษัทตามลำดับอย่างไรบ้าง,ประมวลกฎหมายแพ่งและพาณิชย์,1
บุคคลใดเป็นออกกฎบังคับจัดตั้งของสำนักงานสำหรับจดทะเบียนห้างหุ้นส่วนและบริษัท,ประมวลกฎหมายแพ่งและพาณิชย์,1
ผู้ขายไม่ต้องรับผิดในสัญญาซื้อขายกรณีใดบ้าง,ประมวลกฎหมายแพ่งและพาณิชย์,1
ตัวแทนค้าต่างใช้กฎหมายอะไรบังคับ,ประมวลกฎหมายแพ่งและพาณิชย์,1
ลูกหนี้มีสามารถสละประโยชน์แห่งอายุความได้หรือไม่,ประมวลกฎหมายแพ่งและพาณิชย์,1
อธิบดีมีอำนาจในการกำหนดอะไรบ้างสำหรับผู้ประกอบการจดทะเบียนที่ขายสินค้าหรือให้บริการรายย่อย,ประมวลรัษฎากร,1
การฝ่าฝืนกฎกระทรวงกำหนดหลักเกณฑ์ วิธีการ และเงื่อนไข เพื่อกำหนดกระบวนการทางอิเล็กทรอนิกส์เพื่อใช้แทนการดำเนินการเกี่ยวกับทะเบียนภาษีมูลค่าเพิ่ม เป็นความผิดตามประมวลกฎหมายรัษฎากรหรือไม่,ประมวลรัษฎากร,1
ถ้าเราเห็นว่าทีวีเครื่องเก่าเครื่องหนึ่งสภาพค่อนข้างดีถูกทิ้งไว้นานเป็นอาทิตย์ไม่มีใครมาแสดงตัวว่าเป็นเจ้าของ เราสามารถเอาทีวีเครื่องนั้นมาเป็นของตัวเองได้มั้ย,ประมวลกฎหมายแพ่งและพาณิชย์,1
การได้มาซึ่งทรัพย์สินโดยสุจริตและเสียค่าตอบแทนอาจเสียไปเพราะความบกพร่องของนิติกรรมที่ทำให้ได้ทรัพย์สินมาหรือไม่,ประมวลกฎหมายแพ่งและพาณิชย์,1
ในกรณีใดที่ตราสารหนึ่งฉบับสามารถมีลักษณะตราสารหลายๆเรื่องระบุไว้ในฉบับเดียวกันหรือแผ่นเดียวกันได้ โดยไม่ต้องปิดแสตมป์แยกเป็นเรื่องๆ,ประมวลรัษฎากร,1
มรดกของบุคคลธรรมดาสามารถตกเป็นของแผ่นดินได้หรือไม่,ประมวลกฎหมายแพ่งและพาณิชย์,1
บุคคลมีหน้าที่หักภาษีกรณีเป็นเงินได้พึงประเมินประเภทเงินเดือนต้องจ่ายเงินภาษีที่ไหน,ประมวลรัษฎากร,1
สามารถริบหุ้นที่ไม่ถูกชำระได้หรือไม่,ประมวลกฎหมายแพ่งและพาณิชย์,1
สมาชิกสมาคมสามารถออกจากสมาคมได้เมื่อใด,ประมวลกฎหมายแพ่งและพาณิชย์,1
ในกรณีใดที่จำต้องให้ผู้อำนวยการหรือผู้จัดการคณะนั้นๆเป็นผู้รับผิดชอบ,ประมวลรัษฎากร,1
เมื่ออายุความสะดุดหยุดลงเป็นโทษแก่ลูกหนี้ ย่อมเป็นโทษแก่ผู้ค้ำประกันด้วยหรือไม่,ประมวลกฎหมายแพ่งและพาณิชย์,1
ในห้างหุ้นส่วนจำกัด หุ้นส่วนประเภทใดสามารถโอนหุ้นได้โดยไม่ต้องได้รับความยินยอมจากหุ้นส่วนคนอื่น,ประมวลกฎหมายแพ่งและพาณิชย์,1
หากผู้เช่าไม่ทำตามข้อตกลงในสัญญาเช่า ผู้ให้เช่าสามารถบอกยกเลิกสัญญาเช่านั้นได้ทันทีหรือไม่อย่างไร,ประมวลกฎหมายแพ่งและพาณิชย์,1
การลงรายการในรายงานที่จัดทำต้องปฏิบัติตามหลักเกณฑ์อย่างไร,ประมวลรัษฎากร,1
อัตราภาษีมูลค่าเพิ่มที่ต้องเรียกเก็บจากผู้ซื้อผลิตภัณฑ์น้ำมันต้องตรวจสอบจากกฎหมายใด,ประมวลรัษฎากร,1
เมื่อตั้งบริษัทแล้วต้องดำเนินการอย่างไรต่อไป,ประมวลกฎหมายแพ่งและพาณิชย์,1
หากตัวแทนได้ทำละเมิด ตัวการต้องร่วมรับผิดหรือไม่อย่างไร,ประมวลกฎหมายแพ่งและพาณิชย์,1
การใช้สิทธิที่ตนมีนั้นมีข้อจำกัดไหม,ประมวลกฎหมายแพ่งและพาณิชย์,1
ในกรณี บุคคลที่ตั้งตัวแทนจัดการทรัพย์สิน หรือผู้รับประโยชน์จากทรัสต์ เป็นผู้มีเงินได้สุทธิถึงจำนวนต้องเสียภาษี บุคคลใดเป็นผู้มีหน้าที่ต้องปฏิบัติการตามบทบัญญัติว่าด้วยการเก็บภาษีบุคคลธรรมดา แทนผู้ยังไม่บรรลุนิติภาวะ ผู้ที่ศาลสั่งให้เป็นคนไร้ความสามารถหรือเสมือนไร้ความสามารถ ผู้ที่ถึงแก่ความตาย ตามประมวลรัษฎากร,ประมวลรัษฎากร,1
การเพิกถอนนิติกรรม มีอายุความกี่ปี,ประมวลกฎหมายแพ่งและพาณิชย์,1
นิติกรรมที่เกี่ยวกับอสังหาริมทรัพย์จะสมบูรณ์ได้ก็ต่อเมื่อ,ประมวลกฎหมายแพ่งและพาณิชย์,1
สัญญาประกันภัยจะฟ้องร้องบังคับคดีได้ต้องมีลักษณะใด,ประมวลกฎหมายแพ่งและพาณิชย์,1
ใครเป็นผู้กำหนดเงื่อนไขกรณีคืนภาษีมูลค่าเพิ่มจากสินค้าที่ซื้อภายในประเทศแต่ได้ที่นำออกนอกประเทศ,ประมวลรัษฎากร,1
จำนำตั๋วเงิน ผู้รับจำเนาเรียกเก็บเงินตามต๋วได้หรือไม่ ,ประมวลกฎหมายแพ่งและพาณิชย์,1
วิธีจ่ายเงินค่าอุปการะเลี้ยงดูต้องทำอย่างไร,ประมวลกฎหมายแพ่งและพาณิชย์,1
เจ้าพนักงานประเมินตามประมวลรัษฎากรมีอำนาจอย่างไร,ประมวลรัษฎากร,1
การสมรสเป็นโมฆะในกรณีใดได้บ้าง,ประมวลกฎหมายแพ่งและพาณิชย์,1
สิทธิเรียกค่าทดเเทนกรณีผิดสัญญาหมั้นมีอายุความกี่เดือน,ประมวลกฎหมายแพ่งและพาณิชย์,1
ถ้าคนที่ลงลายมือชื่อในตั๋วเงินมีคนที่ไม่สามารถเป็นคู่สัญญาได้เลย ผลทางกฎหมายเป็นอย่างไร,ประมวลกฎหมายแพ่งและพาณิชย์,1
เกณฑ์อะไรบ้างที่ศาลจะใช้พิจารณากำหนดบำเหน็จให้ผู้ปกครอง,ประมวลกฎหมายแพ่งและพาณิชย์,1
ในกรณีที่บุคคลหนึ่งได้ออกใบรับหลายๆฉบับอันเป็นการแบ่งแยกมูลค่า เพื่อหลีกเลี่ยงการเสียอากร มีความผิดหรือไม่,ประมวลรัษฎากร,1
ถ้าเสนอว่าจะทำสัญญาภายในระยะเวลาที่กำหนด ภายหลังไม่ทำสัญญานั้นตามที่กำหนดจะได้ไหม,ประมวลกฎหมายแพ่งและพาณิชย์,1
เจ้าพนักงานประเมิน สามารถเป็นนิติบุคคลซึ่งรัฐมนตรีเป็นผู้แต่งตั้งได้หรือไม่,ประมวลรัษฎากร,1
ถ้าตัวแทนค้าต่างได้ทำการขายได้ราคาสูงกว่าที่ตัวการกำหนดผลทางกฎหมายเป็นอย่างไร,ประมวลกฎหมายแพ่งและพาณิชย์,1
ในการอุทธรณ์การประเมินภาษีอากรที่อำเภอไม่มีหน้าที่ประเมินต้องอุทธรณ์จะต้องอุทธรณ์อย่างไร,ประมวลรัษฎากร,1
ถ้ามีตั๋วแลกเงินสามารถยื่นแก่ผู้จ่ายได้ในทันทีเพื่อให้รับรอง ได้หรือไม่,ประมวลกฎหมายแพ่งและพาณิชย์,1
เมื่อไม่มีที่ว่างในตั๋วเงินสำหรับการสลักหลังเพิ่มเติม ให้ทำอย่างไรเพื่อดำเนินการสลักหลังต่อไปได้,ประมวลกฎหมายแพ่งและพาณิชย์,1
ถ้าผู้ได้รับหมายหรือคำสั่งตามประมวลรัษฎากร ของอำเภอหรือเจ้าพนักงานประเมินไม่ปฏิบัติตามหมายหรือคำสั่งของอำเภอจะเกิดผลอย่างไร,ประมวลรัษฎากร,1
เจ้าของทรัพย์ มีสิทธิ์อะไรบ้างตามกฎหมาย,ประมวลกฎหมายแพ่งและพาณิชย์,1
หากมีข้อสงสัยเกิดขึ้นในกรณีมีเจ้าหนี้หลายคน มีข้อสันนิษฐานว่าเจ้าหนี้จะได้รับชำระหนี้อย่างไร,ประมวลกฎหมายแพ่งและพาณิชย์,1
คดีฟ้องหย่าอยู่ในระหว่างพิจารณา ถ้าฝ่ายใดร้องขอ ศาลสามารถสั่งอะไรได้บ้าง,ประมวลกฎหมายแพ่งและพาณิชย์,1
ตอนไหนที่ทรัพย์สินที่จะไว้ให้มูลนิธิจะตกแก่มูลนิธิ,ประมวลกฎหมายแพ่งและพาณิชย์,1
ในการประชุมใหญ่ต้องมีผู้ถือหุ้นมาเข้าร่วมประชุมเท่าใด,ประมวลกฎหมายแพ่งและพาณิชย์,1
ข้อความในนิติกรรมจะเป็นผลเมื่อมีเหตุการณ์อันไม่แน่นอนว่าจะเกิดขึ้นหรือไม่ในอนาคต ข้อความนี้เรียกว่า ,ประมวลกฎหมายแพ่งและพาณิชย์,1
พ่อแม่ขายที่ดินซี่งเป็นกรรมสิทธิ์ของลูกอายุ 16 ปีได้ไหม,ประมวลกฎหมายแพ่งและพาณิชย์,1
ลูกหนี้สามารถรับช่วงสิทธิจากเจ้าหนี้ได้เมื่อใด,ประมวลกฎหมายแพ่งและพาณิชย์,1
ทรัพย์สินระหว่างสามีภริยาเป็นสินสมรสหรือไม่,ประมวลกฎหมายแพ่งและพาณิชย์,1
ผู้เป็นหุ้นส่วนที่ยังอยู่รับซื้อหุ้นของผู้ที่ออกจากหุ้นส่วนไป สัญญาหุ้นส่วนยังใช้ได้ต่อไปได้หรือไม่,ประมวลกฎหมายแพ่งและพาณิชย์,1
การเเสดงเจตนาตัดมิให้รับมรดกจะถอนได้หรือไม่ ,ประมวลกฎหมายแพ่งและพาณิชย์,1
"ในกรณีใดที่การเช่าซื้อทรัพย์สินเป็นจำนวนเงิน 5,500 บาท ให้คำนวณค่าอากรแสตมป์อย่างไร และบุคคลใดเป็นผู้ที่ต้องเสียอากรและขีดฆ่าแสตมป์",ประมวลรัษฎากร,1
การส่งมอบทรัพย์สินทำได้อย่างไร,ประมวลกฎหมายแพ่งและพาณิชย์,1
การจะเป็นหุ้นส่วนจำเป็นต้องลงทุนหรือไม่,ประมวลกฎหมายแพ่งและพาณิชย์,1
กรณีที่ผู้ประกอบการได้แจ้งต่ออธิบดีเพื่อเสียภาษีมูลค่าเพิ่ม ต้องยื่นคำขอจดทะเบียนภาษีมูลค่าเพิ่มภายในกี่วันหลังจากวันที่แจ้งต่ออธิบดี,ประมวลรัษฎากร,1
กรณีลูกหนี้รับสภาพความผิดโดยมีหลักฐานเป็นหนังสือหรือให้ประกันมีอายุความสิทธิเรียกร้องเท่าใด,ประมวลกฎหมายแพ่งและพาณิชย์,1
กรณีที่มีการเพิ่มมูลค่าของกิจการขนาดย่อม ซึ่งมีผลให้มูลค่าของฐานภาษีของกิจการดังกล่าวต่ำกว่ามูลค่าภาษีของกิจการขนาดย่อมที่กำหนดขึ้นใหม่ การจดทะเบียนของผู้ประกอบการนั้นจะมีผลเป็นอย่างไร,ประมวลรัษฎากร,1
การคำนวณเบี้ยปรับที่ไม่ได้ชำระภาษีหรือนำส่งภาษีให้ครบถ้วนภายในกำหนดเวลาเริ่มรับตั้งแต่เมื่อใด,ประมวลรัษฎากร,1
ผู้มีหน้าที่เสียภาษีสำหรับกิจการขายอสังหาริมทรัพย์เป็นทางค้าหรือหากำไรต้องเสียภาษีในอัตราเท่าไรเมื่อจดทะเบียนสิทธิและนิติกรรมเกี่ยวกับอสังหาริมทรัพย์,ประมวลรัษฎากร,1
ใครต้องรับผิดในกรณีที่ทรัพย์สินที่ได้มาจากสิทธิเก็บกินสลายไปหรือเสื่อมราคาลง,ประมวลกฎหมายแพ่งและพาณิชย์,1
วิธีการอุทธรณ์การประเมินภาษีที่อำเภอมีวิธีการอะไรบ้าง,ประมวลรัษฎากร,1
ซื้อหวยใต้ดิน แล้วเขาไม่จ่าย ฟ้องได้ไหม,ประมวลกฎหมายแพ่งและพาณิชย์,1
หากผู้ประกอบการจดทะเบียนที่ประกอบกิจการอย่างอื่นซึ่งมิใช่เป็นกิจการค้าปลีก มีความประสงค์จะออกใบกำกับภาษีอย่างย่อและหรือใช้เครื่องบันทึกการเก็บเงิน จะต้องขออนุมัติจากผู้ใด,ประมวลรัษฎากร,1
ที่ดินที่มีเจ้าของ 2 คน ใครจะเป็นผู้มีสิทธิในการจัดการที่ดินดังกล่าว,ประมวลกฎหมายแพ่งและพาณิชย์,1
พ่อ แม่ที่หย่ากัน แล้วลูกต้องอยู่กับแม่ พ่อต้องจ่ายเงินค่าเทอมหรือค่ากินอยู่ให้ลูกไหม,ประมวลกฎหมายแพ่งและพาณิชย์,1
การจำนำเพื่อเป็นประกันการชำระหนี้ รวมในส่วนของดอกเบี้ยด้วยหรือไม่,ประมวลกฎหมายแพ่งและพาณิชย์,1
การประชุมใหญ่สามัญของสมาคมต้องจัดขึ้นปีละกี่ครั้ง,ประมวลกฎหมายแพ่งและพาณิชย์,1
ถ้าพินัยกรรมมีเงื่อนไขว่าจะจัดการมรดกได้ตอนอายุ 20 ปี ระหว่างรอให้อายุครบต้องทำอย่างไร,ประมวลกฎหมายแพ่งและพาณิชย์,1
พาวัวเข้าไปกินหญ้าในที่นาที่หว่านข้าวไว้ได้หรือไม่,ประมวลกฎหมายแพ่งและพาณิชย์,1
เจ้าหน้าที่ของรัฐสามารถปรับเป็นพินัยได้กี่คนในกรณีที่ค่าปรับไม่เกินหนึ่งหมื่นบาท,พระราชบัญญัติว่าด้วยการปรับเป็นพินัย,1
บุคคลที่มีหน้าที่ขีดฆ่าแสตมป์แต่ไม่ปฏิบัติตามจะได้รับโทษอย่างไร,ประมวลรัษฎากร,1
หากผู้บริหารท้องถิ่นอนุมัติให้ขยายเวลาชำระภาษี ผู้เสียภาษีจะต้องเสียเงินเพิ่มเท่าไหร่ต่อเดือนหากชำระภายในเวลาที่ขยายให้,พระราชบัญญัติภาษีที่ดินและสิ่งปลูกสร้าง,1
หากบุคคลใดไม่ปฏิบัติตามมาตรา 17 มาตรา 50 ทวิ หรือมาตรา 51 ของประมวลรัษฎากร จะมีโทษอย่างไร?,ประมวลรัษฎากร,1
พระราชบัญญัติศาลเยาวชนและครอบครัวฉบับที่ 6 พ.ศ. 2565 มีผลต่ออำนาจหน้าที่ของศาลเยาวชนและครอบครัวอย่างไร?,พระราชบัญญัติศาลเยาวชนและครอบครัวและวิธีพิจารณาคดีเยาวชนและครอบครัว,1
"หากผู้กระทำผิดตามมาตรา 83, 84, 85 หรือ 87 ไม่ยินยอมชำระค่าปรับตามที่เปรียบเทียบจะเกิดอะไรขึ้น",พระราชบัญญัติภาษีที่ดินและสิ่งปลูกสร้าง,1
นายจ้างต้องจ่ายค่าล่วงเวลาให้ลูกจ้างบ่อยแค่ไหนตามมาตรา 70,พระราชบัญญัติคุ้มครองแรงงาน,1
การโอนทรัพย์สินที่เกิดขึ้นในระยะเวลาหนึ่งปีก่อนยื่นคำร้องขอฟื้นฟูกิจการและเจ้าหนี้ผู้ได้เปรียบเป็นบุคคลภายในของลูกหนี้ ศาลมีอำนาจทำอย่างไรได้บ้าง?,พระราชบัญญัติล้มละลาย,1
รถบรรทุกคนโดยสารสามารถรับบรรทุกคนที่เป็นโรคติดต่อได้หรือไม่,พระราชบัญญัติจราจรทางบก,1
หากบุคคลไม่ปฏิบัติตามคำสั่งของคณะกรรมการหรือพนักงานเจ้าหน้าที่จะมีผลอย่างไร,พระราชบัญญัติประกันสังคม,1
การกระทำความผิดเกี่ยวกับแสตมป์รัฐบาลต่างประเทศจะได้รับโทษอย่างไรเมื่อเทียบกับโทษปกติ?,ประมวลกฎหมายอาญา,1
หากสิทธิเรียกร้องเป็นการให้ชำระเงิน บุคคลภายนอกต้องยื่นคำร้องคัดค้านก่อนเหตุการณ์ใด?,ประมวลกฎหมายวิธีพิจารณาความแพ่ง,1
หากคู่ความต้องการยื่นบัญชีระบุพยานเพิ่มเติมต้องทำอย่างไร?,ประมวลกฎหมายวิธีพิจารณาความแพ่ง,1
ในกรณีที่ศาลฎีกาเห็นว่าคำพิพากษาของศาลอุทธรณ์ไม่ถูกต้อง ศาลฎีกามีอำนาจทำอย่างไรบ้าง?,ประมวลกฎหมายวิธีพิจารณาความแพ่ง,1
การนับอายุความในกรณีทั่วไปเริ่มต้นเมื่อใด,ประมวลกฎหมายแพ่งและพาณิชย์,1
ผู้ประนีประนอมคดีครอบครัวต้องปฏิบัติหน้าที่อย่างไร?,พระราชบัญญัติศาลเยาวชนและครอบครัวและวิธีพิจารณาคดีเยาวชนและครอบครัว,1
หากคู่ความฝ่ายหนึ่งปฏิเสธความถูกต้องของสำเนาเอกสารที่อ้างอิงมาเป็นพยานหลักฐาน ศาลจะดำเนินการอย่างไร,ประมวลกฎหมายวิธีพิจารณาความแพ่ง,1
การยักยอกทรัพย์สินถือเป็นความผิดที่สามารถยอมความได้หรือไม่,ประมวลกฎหมายอาญา,1
กองทุนเงินทดแทนต้องมีระบบการบัญชีอย่างไร,พระราชบัญญัติเงินทดแทน,1
สามารถลากรถหรือจูงรถเกินหนึ่งคันได้หรือไม่,พระราชบัญญัติจราจรทางบก,1
การกระทำใดบ้างที่ถือว่าละเมิดอำนาจศาลตามมาตรา 31?,ประมวลกฎหมายวิธีพิจารณาความแพ่ง,1
หากเจ้าของสื่อโฆษณาทำการโฆษณายาเสพติดโดยไม่ได้รับอนุญาตจะมีโทษอย่างไร,ประมวลกฎหมายยาเสพติด,1
ผู้เสียภาษีสามารถคัดค้านการประเมินภาษีได้ภายในกี่วันหลังจากได้รับแจ้ง?,พระราชบัญญัติภาษีที่ดินและสิ่งปลูกสร้าง,1
หากมีผู้ขัดขวางการปฏิบัติหน้าที่ของพนักงานเจ้าหน้าที่ตามมาตรา 18 (2) หรือ (3) หรือมาตรา 21 จะได้รับโทษอย่างไร,พระราชบัญญัติว่าด้วยราคาสินค้าและบริการ,1
หากทะเบียนระหว่างประเทศสำหรับเครื่องหมายการค้าถูกเพิกถอน เจ้าของต้องยื่นคำขอจดทะเบียนในราชอาณาจักรภายในระยะเวลาใด,พระราชบัญญัติเครื่องหมายการค้า,1
ทรัพย์สินของสภากาชาดไทยได้รับการยกเว้นภาษีตามพระราชบัญญัติภาษีที่ดินและสิ่งปลูกสร้าง พ.ศ. 2562 หรือไม่?,พระราชบัญญัติภาษีที่ดินและสิ่งปลูกสร้าง,1
คำว่า 'ผู้สร้างสรรค์' ตามพระราชบัญญัติลิขสิทธิ์ (ฉบับที่ 5) พ.ศ. 2565 หมายถึงอะไร,พระราชบัญญัติลิขสิทธิ์,1
กิจการที่นายจ้างจัดให้มีกองทุนสำรองเลี้ยงชีพต้องปฏิบัติตามมาตรา 130 หรือไม่,พระราชบัญญัติคุ้มครองแรงงาน,1
ศาลมีอำนาจทำอย่างไรหากพบว่าผู้แทนไม่มีอำนาจหรืออำนาจบกพร่องในการดำเนินคดี,ประมวลกฎหมายวิธีพิจารณาความแพ่ง,1
ผู้ให้บริการจะได้รับการยกเว้นความรับผิดจากการละเมิดลิขสิทธิ์ในกรณีใดบ้างตามมาตรา 43/2 ของพระราชบัญญัติลิขสิทธิ์ (ฉบับที่ 5) พ.ศ. 2565?,พระราชบัญญัติลิขสิทธิ์,1
ในกรณีที่ต้องการพบเหตุของการตาย เจ้าพนักงานสามารถดำเนินการอย่างไรกับศพ?,ประมวลกฎหมายวิธีพิจารณาความอาญา,1
มูลนิธิสามารถจัดสรรทรัพย์สินเพื่อวัตถุประสงค์ใดบ้าง,ประมวลกฎหมายแพ่งและพาณิชย์,1
หนี้จะระงับสิ้นไปในกรณีใดตามมาตรา 353 ของประมวลกฎหมายแพ่งและพาณิชย์,ประมวลกฎหมายแพ่งและพาณิชย์,1
หากบุคคลถูกกักขังตามคำสั่งศาล จะมีวิธีใดบ้างที่สามารถทำให้บุคคลนั้นพ้นจากการกักขังได้?,ประมวลกฎหมายวิธีพิจารณาความแพ่ง,1
หากอุทธรณ์ที่ยื่นต่อพัศดีส่งถึงศาลล่าช้าเกินกำหนดอายุอุทธรณ์ จะถือว่าอย่างไร,ประมวลกฎหมายวิธีพิจารณาความอาญา,1
หากหัวหน้าหน่วยงานของรัฐไม่เห็นด้วยกับคำสั่งไม่ฟ้องของพนักงานอัยการ ควรดำเนินการอย่างไร,พระราชบัญญัติว่าด้วยการปรับเป็นพินัย,1
พระราชบัญญัติให้ใช้ประมวลกฎหมายอาญา พ.ศ. 2499 มีชื่อเรียกอย่างเป็นทางการว่าอะไร?,ประมวลกฎหมายอาญา,1
การกระทำโดยเจตนาตามมาตรา 59 หมายถึงอะไร?,ประมวลกฎหมายอาญา,1
การส่งออกบัตรอิเล็กทรอนิกส์ปลอมไปนอกราชอาณาจักรมีโทษอย่างไร,ประมวลกฎหมายอาญา,1
การขุดดินที่ไม่ปฏิบัติตามมาตรา 25 มีบทลงโทษอย่างไรบ้าง?,พระราชบัญญัติการขุดดินและถมดิน,1
สหภาพแรงงานต้องทำอย่างไรหลังจากที่ประชุมใหญ่รับรองงบดุลและรายงานการสอบบัญชี?,พระราชบัญญัติแรงงานสัมพันธ์,1
พระราชบัญญัติภาษีที่ดินและสิ่งปลูกสร้าง พ.ศ. 2562 มีผลบังคับใช้ตั้งแต่เมื่อใด,พระราชบัญญัติภาษีที่ดินและสิ่งปลูกสร้าง,1
คณะกรรมการควบคุมยาเสพติดประกอบด้วยใครบ้างตามมาตรา 25 ของประมวลกฎหมายยาเสพติด?,ประมวลกฎหมายยาเสพติด,1
หากบุคคลรู้ว่าเป็นโมฆียะและบอกล้างแล้วจะมีผลอย่างไร,ประมวลกฎหมายแพ่งและพาณิชย์,1
การปล้นทรัพย์ที่มีผู้กระทำความผิดตั้งแต่สามคนขึ้นไปมีโทษอย่างไร?,ประมวลกฎหมายอาญา,1
ศาลสามารถสั่งให้การไกล่เกลี่ยคดีครอบครัวเป็นการลับได้หรือไม่?,พระราชบัญญัติศาลเยาวชนและครอบครัวและวิธีพิจารณาคดีเยาวชนและครอบครัว,1
หากบุคคลใดไม่ยอมตอบคำถามเมื่อถูกซักถามตามมาตรา 23 ของประมวลรัษฎากร จะมีโทษอย่างไร?,ประมวลรัษฎากร,1
หากผู้ซื้อที่ดินจัดสรรคัดค้านคำขอยกเลิกการจัดสรรที่ดิน จะมีผลอย่างไร?,พระราชบัญญัติการจัดสรรที่ดิน,1
การจับกุม ควบคุมตัว หรือกักขังบุคคลตามมาตรา 365 สามารถดำเนินคดีในความผิดอาญาได้หรือไม่?,ประมวลกฎหมายวิธีพิจารณาความแพ่ง,1
ผู้ที่ขุดดินหรือถมดินก่อนวันที่พระราชบัญญัติการขุดดินและถมดิน พ.ศ. 2543 มีผลบังคับใช้ต้องทำอย่างไรภายในสิบห้าวันหลังจากกฎหมายมีผลบังคับใช้ในพื้นที่นั้น?,พระราชบัญญัติการขุดดินและถมดิน,1
หากหน่วยงานของรัฐไม่ให้ความยินยอมในการยื่นคำร้องขอฟื้นฟูกิจการ ผู้ขอสามารถทำอะไรได้,พระราชบัญญัติล้มละลาย,1
หากบุคคลที่ได้รับหมายเรียกไม่ไปตามหมายเรียกจะเกิดอะไรขึ้น?,ประมวลกฎหมายวิธีพิจารณาความแพ่ง,1
การกระทำใดถือเป็นความผิดฐานยักยอกตามมาตรา 352,ประมวลกฎหมายอาญา,1
หากมีการกระทำความผิดตามพระราชบัญญัติการขุดดินและถมดิน พ.ศ. 2543 ใครจะถือว่าเป็นผู้เสียหายตามกฎหมายว่าด้วยวิธีพิจารณาความอาญา,พระราชบัญญัติการขุดดินและถมดิน,1
ศาลต้องทำอย่างไรเมื่อพิจารณาประเด็นแห่งคดีตามมาตรา 131 ของประมวลกฎหมายวิธีพิจารณาความแพ่ง?,ประมวลกฎหมายวิธีพิจารณาความแพ่ง,1
ใครสามารถถามค้านพยานได้หลังจากคู่ความฝ่ายที่อ้างพยานซักถามเสร็จแล้ว,ประมวลกฎหมายวิธีพิจารณาความแพ่ง,1
การจดบันทึกคำร้องทุกข์ในคดีที่ผู้เสียหายเป็นเด็กอายุไม่เกินสิบแปดปีต้องปฏิบัติตามมาตราใด,ประมวลกฎหมายวิธีพิจารณาความอาญา,1
เมื่อพระราชบัญญัติว่าด้วยการปรับเป็นพินัย พ.ศ. 2565 ประกาศในราชกิจจานุเบกษาแล้ว ผู้มีหน้าที่ต้องดำเนินการอะไรบ้าง?,พระราชบัญญัติว่าด้วยการปรับเป็นพินัย,1
ศาลต้องระบุอะไรบ้างในคำพิพากษาเมื่อพิพากษาให้จำเลยชำระหนี้เป็นเงิน?,ประมวลกฎหมายวิธีพิจารณาความแพ่ง,1
ศาลสามารถสั่งให้ตรวจเก็บตัวอย่างจากร่างกายของบุคคลใดได้หรือไม่หากจำเป็นต้องใช้พยานหลักฐานทางวิทยาศาสตร์ในคดีอาญา,ประมวลกฎหมายวิธีพิจารณาความอาญา,1
การขอจดทะเบียนเครื่องหมายรับรองต้องมีเงื่อนไขอะไรบ้างตามพระราชบัญญัติเครื่องหมายการค้า พ.ศ. 2559,พระราชบัญญัติเครื่องหมายการค้า,1
โจทก์สามารถยื่นฟ้องคดีเดิมอีกครั้งได้หรือไม่หากศาลยกฟ้องเพราะฟ้องโดยไม่สุจริต,ประมวลกฎหมายวิธีพิจารณาความอาญา,1
หากมีการยึดหรืออายัดทรัพย์สินเพื่อชำระค่าปรับเป็นพินัย จะสามารถขายทอดตลาดได้หรือไม่หากเกินห้าปี,พระราชบัญญัติว่าด้วยการปรับเป็นพินัย,1
ผู้ขับขี่ที่ถูกตัดคะแนนความประพฤติสามารถทำอย่างไรเพื่อขอคืนคะแนนที่ถูกตัดไป,พระราชบัญญัติจราจรทางบก,1
ผู้เช่านามีสิทธิปลูกพืชไร่ประเภทใดได้บ้าง,พระราชบัญญัติการเช่าที่ดินเพื่อเกษตรกรรม,1
ในกรณีที่พนักงานอัยการทำการสอบสวนร่วมกับพนักงานสอบสวน ใครมีอำนาจในการให้คำสั่งและคำแนะนำเกี่ยวกับการรวบรวมพยานหลักฐาน,ประมวลกฎหมายวิธีพิจารณาความอาญา,1
การอภัยโทษเด็ดขาดโดยไม่มีเงื่อนไขมีผลอย่างไรต่อการบังคับโทษตามมาตรา 265?,ประมวลกฎหมายวิธีพิจารณาความอาญา,1
ศาลมีอำนาจทำอะไรในระหว่างการบังคับคดี?,ประมวลกฎหมายวิธีพิจารณาความแพ่ง,1
ในกรณีที่ผู้พิพากษามีความเห็นแย้งในการทำคำพิพากษาหรือคำสั่ง จะต้องทำอย่างไร,ประมวลกฎหมายวิธีพิจารณาความแพ่ง,1
ในทางกฎหมาย คำว่า 'วัน' หมายถึงอะไรในบริบทของการทำงาน?,ประมวลกฎหมายแพ่งและพาณิชย์,1
ถ้ามีผู้จัดการหลายคน การตัดสินใจในกิจการของนิติบุคคลจะเป็นอย่างไร,ประมวลกฎหมายแพ่งและพาณิชย์,1
ศาลมีอำนาจทำอย่างไรหากลูกหนี้ตามคำพิพากษามาศาลแต่ไม่สามารถแสดงเหตุอันสมควรในการไม่ปฏิบัติตามคำบังคับได้?,ประมวลกฎหมายวิธีพิจารณาความแพ่ง,1
ใครทำหน้าที่เป็นเลขานุการในคณะกรรมการการขุดดินและถมดิน?,พระราชบัญญัติการขุดดินและถมดิน,1
การฟ้องคดีแพ่งที่เกี่ยวเนื่องกับคดีอาญาต้องปฏิบัติตามกฎหมายใด?,ประมวลกฎหมายวิธีพิจารณาความอาญา,1
กรรมการลูกจ้างจะพ้นจากตำแหน่งเมื่อใดตามพระราชบัญญัติแรงงานสัมพันธ์ (ฉบับที่ 3) พ.ศ. 2544?,พระราชบัญญัติแรงงานสัมพันธ์,1
ประโยชน์ทดแทนในกรณีสงเคราะห์บุตรมีอะไรบ้าง?,พระราชบัญญัติประกันสังคม,1
เมื่อชำระหนี้และค่าใช้จ่ายในคดีล้มละลายหมดแล้ว หากยังมีทรัพย์สินเหลืออยู่ จะต้องทำอย่างไรกับทรัพย์สินนั้น?,พระราชบัญญัติล้มละลาย,1
การพิจารณาและสืบพยานในศาลต้องทำอย่างไรตามมาตรา 172?,ประมวลกฎหมายวิธีพิจารณาความอาญา,1
เมื่อผู้กระทำความผิดเสียชีวิต โทษจะเป็นอย่างไร,ประมวลกฎหมายอาญา,1
การบรรทุกสิ่งของบนรถต้องมีมาตรการป้องกันอะไรบ้างตามกฎหมายจราจรทางบก?,พระราชบัญญัติจราจรทางบก,1
ผู้ขอรับสิทธิบัตรต้องชำระค่าใช้จ่ายในการตรวจสอบการประดิษฐ์ภายในกี่วันหลังจากได้รับแจ้งจากพนักงานเจ้าหน้าที่?,พระราชบัญญัติสิทธิบัตร,1
โทษสำหรับการกระทำความอื้ออึงโดยไม่มีเหตุอันสมควรตามมาตรา 370 คืออะไร,ประมวลกฎหมายอาญา,1
พนักงานเจ้าหน้าที่มีอำนาจอะไรบ้างในการดำเนินคดีเมื่อสงสัยว่ามีการกระทำผิดตามพระราชบัญญัติคุ้มครองผู้บริโภค พ.ศ. 2522,พระราชบัญญัติคุ้มครองผู้บริโภค,1
การแก้ไขแผนฟื้นฟูกิจการสามารถขยายเวลาได้กี่ครั้งและครั้งละกี่ปีตามกฎหมายล้มละลาย,พระราชบัญญัติล้มละลาย,1
หากยังไม่มีการออกกฎกระทรวง ระเบียบ หรือประกาศตามที่กำหนดในประมวลกฎหมายยาเสพติด จะสามารถใช้บทบัญญัตินั้นได้หรือไม่,ประมวลกฎหมายยาเสพติด,1
ใครมีหน้าที่ถวายเรื่องราวต่อพระมหากษัตริย์เพื่อพิจารณาอภัยโทษตามมาตรา 261?,ประมวลกฎหมายวิธีพิจารณาความอาญา,1
การขายอุปกรณ์ที่ทำให้มาตรการทางเทคโนโลยีไม่เกิดผลถือเป็นการละเมิดหรือไม่,พระราชบัญญัติลิขสิทธิ์,1
การฟ้องขอให้กักกันหลังจากฟ้องคดีหลักต้องดำเนินการภายในระยะเวลาเท่าใด?,ประมวลกฎหมายอาญา,1
กรุงเทพมหานครต้องจัดส่งข้อมูลการจัดเก็บภาษีที่ดินและสิ่งปลูกสร้างให้แก่หน่วยงานใดโดยตรงตามมาตรา 24 ของพระราชบัญญัติภาษีที่ดินและสิ่งปลูกสร้าง พ.ศ. 2562?,พระราชบัญญัติภาษีที่ดินและสิ่งปลูกสร้าง,1
หากมีการฝ่าฝืนคำสั่งของคณะอนุกรรมการตามมาตรา 52 จะมีผลอย่างไรตามกฎหมายการจัดสรรที่ดิน พ.ศ. 2543,พระราชบัญญัติการจัดสรรที่ดิน,1
การกระทำใดที่มีวัตถุประสงค์เพื่อให้ประชาชนล่วงละเมิดกฎหมายแผ่นดินมีโทษตามมาตราใด,ประมวลกฎหมายอาญา,1
ในกรณีที่คณะบุคคลที่ไม่มีสถานะเป็นนิติบุคคลมีหน้าที่เกี่ยวกับภาษีอากร ใครจะต้องรับผิดชอบ?,ประมวลรัษฎากร,1
พนักงานเจ้าหน้าที่สามารถดำเนินการอะไรได้บ้างเมื่อพบยาเสพติดที่มีไว้โดยไม่ชอบด้วยกฎหมายตามมาตรา 61 ของประมวลกฎหมายยาเสพติด,ประมวลกฎหมายยาเสพติด,1
ข้อบังคับของสหภาพแรงงานต้องมีอะไรบ้างตามมาตรา 90?,พระราชบัญญัติแรงงานสัมพันธ์,1
ทรัพย์สินใดบ้างที่ไม่ถือว่าเป็นทรัพย์สินในคดีล้มละลายตามมาตรา 109?,พระราชบัญญัติล้มละลาย,1
ในกรณีที่มีการถอนการบังคับคดีนอกจากกรณีตามมาตรา 292 (1) และ (5) ใครเป็นผู้รับผิดในค่าฤชาธรรมเนียม,ประมวลกฎหมายวิธีพิจารณาความแพ่ง,1
การล่วงรู้มาตรการป้องกันการเข้าถึงระบบคอมพิวเตอร์ของผู้อื่นแล้วนำไปเปิดเผยโดยมิชอบมีโทษอย่างไร,พระราชบัญญัติว่าด้วยการกระทำความผิดเกี่ยวกับคอมพิวเตอร์,1
ผู้ขับขี่รถยนต์ต้องใช้เสียงสัญญาณประเภทใดตามกฎหมาย,พระราชบัญญัติจราจรทางบก,1
สามารถยื่นคำฟ้องใหม่ได้หรือไม่หากได้ทิ้งหรือถอนคำฟ้องไปแล้วตามมาตรา 176?,ประมวลกฎหมายวิธีพิจารณาความแพ่ง,1
หากรถที่ถูกดัดแปลงถูกนำไปใช้ในการแข่งรถในทาง ผู้นั้นจะถูกพิจารณาอย่างไร,พระราชบัญญัติจราจรทางบก,1
